INSERT INTO Brands (name) VALUES
('Тойота'),
('Хонда'),
('Форд'),
('Шевроле'),
('БМВ'),
('Мерседес-Бенц'),
('Ауди'),
('Фольксваген'),
('Ниссан'),
('Хендай'),
('Киа'),
('Мазда'),
('Субару'),
('Джип'),
('Тесла');

INSERT INTO Models (id, name, Brands_id, year, car_mileage) VALUES 
(1, 'Королла', 1, 2018, 25000),
(2, 'CR-V', 2, 2019, 20000),
(3, 'Focus', 3, 2017, 30000),
(4, 'Camaro', 4, 2016, 18000),
(5, 'X5', 5, 2020, 15000),
(6, 'GLC', 6, 2018, 22000),
(7, 'A6', 7, 2019, 21000),
(8, 'Golf', 8, 2016, 28000),
(9, 'Qashqai', 9, 2020, 17000),
(10, 'Tucson', 10, 2019, 19000),
(11, 'Rio', 11, 2018, 23000),
(12, 'CX-5', 12, 2017, 25000),
(13, 'Forester', 13, 2019, 22000),
(14, 'Grand Cherokee', 14, 2015, 32000),
(15, 'Model S', 15, 2020, 12000);

INSERT INTO Cars (VIN, Models_id) VALUES
('ABC12345678901234', 1),
('DEF98765432109876', 2),
('GHI24680135792468', 3),
('JKL13579246801357', 4),
('MNO46801357924680', 5),
('PQR92468013579246', 6),
('STU35792468013579', 7),
('VWX68013579246801', 8),
('YZA79246801357924', 9),
('BCD01357924680135', 10),
('EFG24680135792468', 11),
('HIJ57924680135792', 12),
('KLM80135792468013', 13),
('NOP13579246801357', 14),
('QRS46801357924680', 15);

INSERT INTO Clients (name, contact_info, Cars_id, driver_license, phone_number, ` comments`) VALUES
('Иван Иванов', 'г. Москва, ул. Ленина, д.1, кв.5', 1, 'DL123456', '+7 (123) 456-7890', 'Постоянный клиент'),
('Петр Петров', 'г. Санкт-Петербург, пр. Невский, д.2, кв.10', 2, 'DL654321', '+7 (987) 654-3210', 'Новый клиент'),
('Сергей Сидоров', 'г. Екатеринбург, ул. Пушкина, д.3, кв.15', 3, 'DL789012', '+7 (456) 789-0123', 'VIP клиент'),
('Ольга Иванова', 'г. Новосибирск, ул. Гагарина, д.4, кв.20', 4, 'DL345678', '+7 (789) 012-3456', 'Частый клиент'),
('Мария Петрова', 'г. Красноярск, ул. Советская, д.5, кв.25', 5, 'DL901234', '+7 (012) 345-6789', 'Постоянный клиент'),
('Андрей Сидоров', 'г. Нижний Новгород, ул. Ленина, д.6, кв.30', 6, 'DL567890', '+7 (234) 567-8901', 'Новый клиент'),
('Елена Петрова', 'г. Казань, ул. Кирова, д.7, кв.35', 7, 'DL012345', '+7 (345) 678-9012', 'Постоянный клиент'),
('Александр Иванов', 'г. Челябинск, ул. Пушкина, д.8, кв.40', 8, 'DL678901', '+7 (456) 789-0123', 'Постоянный клиент'),
('Валентина Сидорова', 'г. Омск, ул. Гагарина, д.9, кв.45', 9, 'DL234567', '+7 (567) 890-1234', 'Новый клиент'),
('Денис Иванов', 'г. Самара, ул. Советская, д.10, кв.50', 10, 'DL890123', '+7 (678) 901-2345', 'VIP клиент'),
('Евгений Петров', 'г. Уфа, ул. Ленина, д.11, кв.55', 11, 'DL456789', '+7 (789) 012-3456', 'Постоянный клиент'),
('Наталья Сидорова', 'г. Ростов-на-Дону, ул. Кирова, д.12, кв.60', 12, 'DL901234', '+7 (890) 123-4567', 'Частый клиент'),
('Алексей Иванов', 'г. Воронеж, ул. Пушкина, д.13, кв.65', 13, 'DL567890', '+7 (901) 234-5678', 'Постоянный клиент'),
('Юлия Петрова', 'г. Краснодар, ул. Гагарина, д.14, кв.70', 14, 'DL234567', '+7 (012) 345-6789', 'Постоянный клиент'),
('Дмитрий Сидоров', 'г. Ярославль, ул. Ленина, д.15, кв.75', 15, 'DL890123', '+7 (123) 456-7890', 'Новый клиент');

INSERT INTO Schedule (date_time, Clients_id) VALUES
('2024-04-15 09:00:00', 1),
('2024-04-16 10:30:00', 2),
('2024-04-17 11:00:00', 3),
('2024-04-18 13:30:00', 4),
('2024-04-19 15:00:00', 5),
('2024-04-20 09:30:00', 6),
('2024-04-21 10:00:00', 7),
('2024-04-22 12:00:00', 8),
('2024-04-23 14:30:00', 9),
('2024-04-24 16:00:00', 10),
('2024-04-25 09:45:00', 11),
('2024-04-26 11:15:00', 12),
('2024-04-27 13:00:00', 13),
('2024-04-28 15:45:00', 14),
('2024-04-29 09:20:00', 15);

INSERT INTO RepairOrders (status, Cars_id, date_time, Schedule_id) VALUES
('new', 1, '2024-04-15 09:00:00', 1),
('new', 2, '2024-04-16 10:30:00', 2),
('new', 3, '2024-04-17 11:00:00', 3),
('new', 4, '2024-04-18 13:30:00', 4),
('new', 5, '2024-04-19 15:00:00', 5),
('new', 6, '2024-04-20 09:30:00', 6),
('new', 7, '2024-04-21 10:00:00', 7),
('new', 8, '2024-04-22 12:00:00', 8),
('new', 9, '2024-04-23 14:30:00', 9),
('new', 10, '2024-04-24 16:00:00', 10),
('new', 11, '2024-04-25 09:45:00', 11),
('new', 12, '2024-04-26 11:15:00', 12),
('new', 13, '2024-04-27 13:00:00', 13),
('new', 14, '2024-04-28 15:45:00', 14),
('new', 15, '2024-04-29 09:20:00', 15);

INSERT INTO Parts (RepairOrders_id, name, quantity) VALUES
(1, 'Масло двигателя', 5),
(2, 'Тормозные колодки', 4),
(3, 'Воздушный фильтр', 2),
(4, 'Свечи зажигания', 8),
(5, 'Аккумулятор', 1),
(6, 'Шина', 4),
(7, 'Генератор', 1),
(8, 'Радиатор', 1),
(9, 'Водяной насос', 1),
(10, 'Топливный насос', 1),
(11, 'Датчик кислорода', 2),
(12, 'Катушка зажигания', 4),
(13, 'Стартер', 1),
(14, 'Термостат', 1),
(15, 'Рычаг управления', 2);

INSERT INTO Staff (name, position) VALUES
('Иван Петров', 'Механик'),
('Елена Сидорова', 'Менеджер сервиса'),
('Александр Иванов', 'Техник'),
('Татьяна Смирнова', 'Ресепшн'),
('Максим Кузнецов', 'Менеджер по запчастям');

INSERT INTO RepairOrders_has_Staff (RepairOrders_id, Staff_id) VALUES
(1, 1),
(2, 2),
(3, 3),
(4, 4),
(5, 5),
(6, 1),
(7, 2),
(8, 3),
(9, 4),
(10, 5),
(11, 1),
(12, 2),
(13, 3),
(14, 4),
(15, 5);

INSERT INTO Orders (amount, status, RepairOrders_id) VALUES
(10000.00, 'paid', 1),
(15000.00, 'paid', 2),
(20000.00, 'unpaid', 3),
(25000.00, 'paid', 4),
(30000.00, 'unpaid', 5),
(35000.00, 'paid', 6),
(40000.00, 'unpaid', 7),
(45000.00, 'paid', 8),
(50000.00, 'unpaid', 9),
(55000.00, 'paid', 10),
(60000.00, 'unpaid', 11),
(65000.00, 'paid', 12),
(70000.00, 'unpaid', 13),
(75000.00, 'paid', 14),
(80000.00, 'unpaid', 15);
